experiment,instance,n,configuration,metric,value,unit
tsplib,eil51,51,default,cost,444,dist
tsplib,eil51,51,default,gap_pct,4.23,percent
tsplib,eil51,51,default,time_ms,15.29,ms
tsplib,eil51,51,post2opt,gap_pct,4.23,percent
tsplib,eil51,51,postfullopt,gap_pct,4.23,percent
tsplib,berlin52,52,default,cost,7783,dist
tsplib,berlin52,52,default,gap_pct,3.2,percent
tsplib,berlin52,52,default,time_ms,5.24,ms
tsplib,berlin52,52,post2opt,gap_pct,3.2,percent
tsplib,berlin52,52,postfullopt,gap_pct,3.2,percent
tsplib,st70,70,default,cost,691,dist
tsplib,st70,70,default,gap_pct,2.37,percent
tsplib,st70,70,default,time_ms,6.47,ms
tsplib,st70,70,post2opt,gap_pct,2.37,percent
tsplib,st70,70,postfullopt,gap_pct,2.37,percent
tsplib,kroA100,100,default,cost,21292,dist
tsplib,kroA100,100,default,gap_pct,0.05,percent
tsplib,kroA100,100,default,time_ms,12.15,ms
tsplib,kroA100,100,post2opt,gap_pct,0.05,percent
tsplib,kroA100,100,postfullopt,gap_pct,0.05,percent
tsplib,ch130,130,default,cost,6372,dist
tsplib,ch130,130,default,gap_pct,4.29,percent
tsplib,ch130,130,default,time_ms,17.65,ms
tsplib,ch130,130,post2opt,gap_pct,4.29,percent
tsplib,ch130,130,postfullopt,gap_pct,4.29,percent
tsplib,ch150,150,default,cost,6691,dist
tsplib,ch150,150,default,gap_pct,2.5,percent
tsplib,ch150,150,default,time_ms,19.94,ms
tsplib,ch150,150,post2opt,gap_pct,2.5,percent
tsplib,ch150,150,postfullopt,gap_pct,2.5,percent
dynamic,eil51,51,ripple,cost,444,dist
dynamic,eil51,51,ripple,latency_p50,0.0784,ms
dynamic,eil51,51,ripple,latency_p95,0.1141,ms
dynamic,eil51,51,naive,cost,461,dist
dynamic,eil51,51,naive,latency_p50,0.006,ms
dynamic,eil51,51,speedup,speedup_vs_static,5.61,x
dynamic,berlin52,52,ripple,cost,7783,dist
dynamic,berlin52,52,ripple,latency_p50,0.084,ms
dynamic,berlin52,52,ripple,latency_p95,0.3033,ms
dynamic,berlin52,52,naive,cost,7886,dist
dynamic,berlin52,52,naive,latency_p50,0.0088,ms
dynamic,berlin52,52,speedup,speedup_vs_static,1.36,x
dynamic,st70,70,ripple,cost,691,dist
dynamic,st70,70,ripple,latency_p50,0.1013,ms
dynamic,st70,70,ripple,latency_p95,0.1631,ms
dynamic,st70,70,naive,cost,707,dist
dynamic,st70,70,naive,latency_p50,0.0048,ms
dynamic,st70,70,speedup,speedup_vs_static,2.57,x
dynamic,kroA100,100,ripple,cost,21292,dist
dynamic,kroA100,100,ripple,latency_p50,0.1103,ms
dynamic,kroA100,100,ripple,latency_p95,0.1803,ms
dynamic,kroA100,100,naive,cost,22392,dist
dynamic,kroA100,100,naive,latency_p50,0.007,ms
dynamic,kroA100,100,speedup,speedup_vs_static,7.6,x
dynamic,ch130,130,ripple,cost,6372,dist
dynamic,ch130,130,ripple,latency_p50,0.1261,ms
dynamic,ch130,130,ripple,latency_p95,0.2899,ms
dynamic,ch130,130,naive,cost,6496,dist
dynamic,ch130,130,naive,latency_p50,0.0102,ms
dynamic,ch130,130,speedup,speedup_vs_static,15.29,x
dynamic,ch150,150,ripple,cost,6691,dist
dynamic,ch150,150,ripple,latency_p50,0.1355,ms
dynamic,ch150,150,ripple,latency_p95,0.2815,ms
dynamic,ch150,150,naive,cost,7144,dist
dynamic,ch150,150,naive,latency_p50,0.0056,ms
dynamic,ch150,150,speedup,speedup_vs_static,19.81,x
scaling,synthetic,50,ripple,total_time_ms,3.68,ms
scaling,synthetic,50,ripple,time_per_insert_ms,0.0737,ms
scaling,synthetic,100,ripple,total_time_ms,11.4,ms
scaling,synthetic,100,ripple,time_per_insert_ms,0.114,ms
scaling,synthetic,200,ripple,total_time_ms,33.52,ms
scaling,synthetic,200,ripple,time_per_insert_ms,0.1676,ms
scaling,synthetic,500,ripple,total_time_ms,124.79,ms
scaling,synthetic,500,ripple,time_per_insert_ms,0.2496,ms
scaling,synthetic,1000,ripple,total_time_ms,324.89,ms
scaling,synthetic,1000,ripple,time_per_insert_ms,0.3249,ms
scaling,synthetic,2000,ripple,total_time_ms,860.96,ms
scaling,synthetic,2000,ripple,time_per_insert_ms,0.4305,ms
scaling,synthetic,3000,ripple,total_time_ms,1509.62,ms
scaling,synthetic,3000,ripple,time_per_insert_ms,0.5032,ms
scaling,synthetic,5000,ripple,total_time_ms,3247.98,ms
scaling,synthetic,5000,ripple,time_per_insert_ms,0.6496,ms
scaling,synthetic,50,naive,total_time_ms,0.31,ms
scaling,synthetic,100,naive,total_time_ms,0.58,ms
scaling,synthetic,200,naive,total_time_ms,1.51,ms
scaling,synthetic,500,naive,total_time_ms,7.46,ms
scaling,synthetic,1000,naive,total_time_ms,20.89,ms
scaling,synthetic,2000,naive,total_time_ms,81.02,ms
scaling,synthetic,3000,naive,total_time_ms,167.71,ms
scaling,synthetic,5000,naive,total_time_ms,519.45,ms